length_chars,length_tokens,num_distinct_tokens,num_capital_chars,num_capital_tokens,num_free,num_digits,label
0.053964757709251104,0.047619047619047616,0.09195402298850575,0.007874015748031496,0.0,0.0,0.0,0
0.022026431718061675,0.021164021164021163,0.04597701149425287,0.015748031496062992,0.0,0.0,0.0,0
0.32268722466960353,0.291005291005291,0.5172413793103449,0.06299212598425197,0.03225806451612903,0.0,0.0,0
0.022026431718061675,0.021164021164021163,0.04597701149425287,0.015748031496062992,0.0,0.0,0.0,0
0.09691629955947137,0.1111111111111111,0.1724137931034483,0.48031496062992124,0.45161290322580644,0.0,0.04878048780487805,0
0.024229074889867846,0.021164021164021163,0.04597701149425287,0.0,0.0,0.0,0.0,0
0.07048458149779736,0.06878306878306878,0.14942528735632182,0.015748031496062992,0.0,0.0,0.0,0
0.034140969162995596,0.042328042328042326,0.09195402298850575,0.007874015748031496,0.0,0.0,0.07317073170731708,0
0.03303964757709251,0.031746031746031744,0.06896551724137931,0.007874015748031496,0.0,0.0,0.0,0
0.051762114537444934,0.0582010582010582,0.12643678160919541,0.007874015748031496,0.0,0.0,0.0,0
0.02863436123348018,0.026455026455026454,0.05747126436781609,0.015748031496062992,0.0,0.0,0.0,0
0.026431718061674013,0.031746031746031744,0.06896551724137931,0.14173228346456693,0.12903225806451613,0.0,0.04878048780487805,0
0.19493392070484583,0.18518518518518517,0.3448275862068966,0.047244094488188976,0.0,0.0,0.0,0
0.02312775330396476,0.026455026455026454,0.05747126436781609,0.007874015748031496,0.0,0.3333333333333333,0.0,0
0.08039647577092511,0.08465608465608465,0.1724137931034483,0.4094488188976378,0.45161290322580644,0.0,0.17073170731707318,0
0.019823788546255508,0.021164021164021163,0.04597701149425287,0.007874015748031496,0.0,0.0,0.0,0
0.07819383259911895,0.06878306878306878,0.14942528735632182,0.015748031496062992,0.0,0.0,0.0,0
0.1145374449339207,0.10052910052910052,0.21839080459770116,0.11023622047244094,0.06451612903225806,0.0,0.024390243902439025,0
0.03634361233480176,0.031746031746031744,0.06896551724137931,0.22834645669291337,0.1935483870967742,0.0,0.0,0
0.024229074889867846,0.026455026455026454,0.05747126436781609,0.015748031496062992,0.0,0.0,0.0,0
0.08480176211453745,0.08465608465608465,0.1839080459770115,0.015748031496062992,0.0,0.0,0.0,0
0.045154185022026436,0.047619047619047616,0.10344827586206896,0.015748031496062992,0.0,0.0,0.0,0
0.045154185022026436,0.042328042328042326,0.09195402298850575,0.015748031496062992,0.0,0.0,0.0,0
0.07488986784140969,0.06878306878306878,0.12643678160919541,0.11023622047244094,0.06451612903225806,0.0,0.0,0
0.048458149779735685,0.042328042328042326,0.09195402298850575,0.015748031496062992,0.0,0.0,0.0,0
0.10462555066079296,0.09523809523809523,0.1839080459770115,0.023622047244094488,0.0,0.0,0.0,0
0.12004405286343613,0.09523809523809523,0.16091954022988508,0.031496062992125984,0.0,0.0,0.0,0
0.024229074889867846,0.015873015873015872,0.034482758620689655,0.0,0.0,0.0,0.0,0
0.022026431718061675,0.021164021164021163,0.04597701149425287,0.007874015748031496,0.0,0.0,0.0,0
0.11784140969162997,0.1164021164021164,0.21839080459770116,0.007874015748031496,0.0,0.0,0.0,0
0.020925110132158593,0.021164021164021163,0.04597701149425287,0.007874015748031496,0.0,0.0,0.0,0
0.030837004405286344,0.026455026455026454,0.05747126436781609,0.007874015748031496,0.0,0.0,0.0,0
0.02312775330396476,0.026455026455026454,0.05747126436781609,0.007874015748031496,0.0,0.0,0.0,0
0.07599118942731278,0.07407407407407407,0.16091954022988508,0.007874015748031496,0.0,0.0,0.0,0
0.14867841409691632,0.13756613756613756,0.27586206896551724,0.023622047244094488,0.0,0.0,0.04878048780487805,0
0.04185022026431718,0.037037037037037035,0.08045977011494253,0.007874015748031496,0.0,0.0,0.0,0
0.02863436123348018,0.026455026455026454,0.05747126436781609,0.007874015748031496,0.0,0.0,0.0,0
0.08480176211453745,0.07407407407407407,0.13793103448275862,0.007874015748031496,0.0,0.0,0.0,0
0.00550660792951542,0.0,0.0,0.007874015748031496,0.0,0.0,0.0,0
0.09801762114537446,0.10582010582010581,0.22988505747126436,0.015748031496062992,0.0,0.0,0.0,0
0.042951541850220265,0.05291005291005291,0.1149425287356322,0.007874015748031496,0.0,0.0,0.0,0
0.16079295154185025,0.13756613756613756,0.22988505747126436,0.11023622047244094,0.03225806451612903,0.0,0.0,0
0.061674008810572695,0.0582010582010582,0.12643678160919541,0.05511811023622047,0.03225806451612903,0.0,0.0,0
0.059471365638766524,0.06349206349206349,0.13793103448275862,0.015748031496062992,0.0,0.0,0.0,0
0.034140969162995596,0.031746031746031744,0.06896551724137931,0.015748031496062992,0.0,0.0,0.0,0
0.02312775330396476,0.021164021164021163,0.04597701149425287,0.007874015748031496,0.0,0.0,0.0,0
0.034140969162995596,0.031746031746031744,0.06896551724137931,0.015748031496062992,0.0,0.0,0.0,0
0.0881057268722467,0.08994708994708994,0.1724137931034483,0.023622047244094488,0.0,0.3333333333333333,0.0,0
0.06277533039647577,0.05291005291005291,0.1149425287356322,0.007874015748031496,0.0,0.0,0.0,0
0.02312775330396476,0.015873015873015872,0.034482758620689655,0.007874015748031496,0.0,0.0,0.0,0
0.042951541850220265,0.037037037037037035,0.08045977011494253,0.007874015748031496,0.0,0.0,0.0,0
0.0473568281938326,0.042328042328042326,0.09195402298850575,0.015748031496062992,0.0,0.0,0.0,0
0.039647577092511016,0.031746031746031744,0.06896551724137931,0.0,0.0,0.0,0.0,0
0.02863436123348018,0.031746031746031744,0.06896551724137931,0.007874015748031496,0.0,0.0,0.0,0
0.07488986784140969,0.08465608465608465,0.1724137931034483,0.023622047244094488,0.0,0.0,0.024390243902439025,0
0.15418502202643175,0.15343915343915343,0.2988505747126437,0.023622047244094488,0.0,0.0,0.0,0
0.07488986784140969,0.07407407407407407,0.16091954022988508,0.007874015748031496,0.0,0.0,0.0,0
0.025330396475770928,0.026455026455026454,0.05747126436781609,0.007874015748031496,0.0,0.0,0.0,0
0.024229074889867846,0.021164021164021163,0.022988505747126436,0.14960629921259844,0.16129032258064516,0.0,0.0,0
0.037444933920704845,0.037037037037037035,0.08045977011494253,0.023622047244094488,0.0,0.0,0.21951219512195122,0
0.0881057268722467,0.08994708994708994,0.1954022988505747,0.015748031496062992,0.0,0.0,0.0,0
0.037444933920704845,0.047619047619047616,0.10344827586206896,0.007874015748031496,0.0,0.0,0.0,0
0.031938325991189426,0.021164021164021163,0.04597701149425287,0.015748031496062992,0.0,0.0,0.0,0
0.027533039647577095,0.031746031746031744,0.06896551724137931,0.015748031496062992,0.0,0.0,0.0,0
0.02863436123348018,0.031746031746031744,0.06896551724137931,0.007874015748031496,0.0,0.0,0.0,0
0.030837004405286344,0.021164021164021163,0.04597701149425287,0.015748031496062992,0.0,0.0,0.0,0
0.06607929515418502,0.0582010582010582,0.12643678160919541,0.031496062992125984,0.03225806451612903,0.0,0.0,0
0.09030837004405287,0.08465608465608465,0.1839080459770115,0.031496062992125984,0.0,0.0,0.0,0
0.048458149779735685,0.047619047619047616,0.10344827586206896,0.007874015748031496,0.0,0.0,0.0,0
0.018722466960352426,0.015873015873015872,0.034482758620689655,0.11811023622047244,0.12903225806451613,0.0,0.0,0
0.05616740088105727,0.047619047619047616,0.10344827586206896,0.015748031496062992,0.0,0.0,0.0,0
0.03524229074889868,0.031746031746031744,0.06896551724137931,0.007874015748031496,0.0,0.0,0.0,0
0.053964757709251104,0.07407407407407407,0.14942528735632182,0.015748031496062992,0.0,0.0,0.024390243902439025,0
0.32709251101321585,0.291005291005291,0.4827586206896552,0.08661417322834646,0.03225806451612903,0.0,0.0,0
0.01651982378854626,0.010582010582010581,0.022988505747126436,0.007874015748031496,0.0,0.0,0.0,0
0.11784140969162997,0.1111111111111111,0.22988505747126436,0.015748031496062992,0.0,0.0,0.0,0
0.025330396475770928,0.021164021164021163,0.04597701149425287,0.007874015748031496,0.0,0.0,0.0,0
0.040748898678414094,0.037037037037037035,0.08045977011494253,0.007874015748031496,0.0,0.0,0.0,0
0.03524229074889868,0.026455026455026454,0.05747126436781609,0.03937007874015748,0.03225806451612903,0.0,0.0,0
0.006607929515418503,0.005291005291005291,0.011494252873563218,0.007874015748031496,0.0,0.0,0.0,0
0.03303964757709251,0.037037037037037035,0.08045977011494253,0.007874015748031496,0.0,0.0,0.0,0
0.03303964757709251,0.026455026455026454,0.05747126436781609,0.007874015748031496,0.0,0.0,0.0,0
0.17400881057268724,0.15873015873015872,0.3103448275862069,1.0,0.7741935483870968,0.0,0.07317073170731708,0
0.01651982378854626,0.015873015873015872,0.034482758620689655,0.007874015748031496,0.0,0.0,0.0,0
0.07929515418502203,0.07407407407407407,0.14942528735632182,0.015748031496062992,0.0,0.0,0.0,0
0.051762114537444934,0.047619047619047616,0.10344827586206896,0.007874015748031496,0.0,0.0,0.0,0
0.09801762114537446,0.10052910052910052,0.21839080459770116,0.031496062992125984,0.0,0.3333333333333333,0.024390243902439025,0
0.050660792951541855,0.047619047619047616,0.10344827586206896,0.007874015748031496,0.0,0.0,0.0,0
0.03854625550660793,0.042328042328042326,0.09195402298850575,0.007874015748031496,0.0,0.0,0.0,0
0.031938325991189426,0.026455026455026454,0.05747126436781609,0.007874015748031496,0.0,0.0,0.0,0
0.03524229074889868,0.031746031746031744,0.06896551724137931,0.007874015748031496,0.0,0.0,0.0,0
0.02863436123348018,0.021164021164021163,0.04597701149425287,0.007874015748031496,0.0,0.0,0.0,0
0.042951541850220265,0.047619047619047616,0.10344827586206896,0.007874015748031496,0.0,0.0,0.0,0
0.11013215859030838,0.1164021164021164,0.25287356321839083,0.015748031496062992,0.0,0.0,0.024390243902439025,0
0.025330396475770928,0.026455026455026454,0.05747126436781609,0.015748031496062992,0.0,0.0,0.0,0
0.02312775330396476,0.021164021164021163,0.04597701149425287,0.007874015748031496,0.0,0.0,0.0,0
0.07709251101321586,0.07936507936507936,0.1724137931034483,0.007874015748031496,0.0,0.0,0.0,0
0.03524229074889868,0.026455026455026454,0.05747126436781609,0.007874015748031496,0.0,0.0,0.0,0
0.16740088105726875,0.17989417989417988,0.3218390804597701,0.08661417322834646,0.0,0.0,0.0,0
0.06497797356828194,0.0582010582010582,0.1149425287356322,0.05511811023622047,0.06451612903225806,0.0,0.0,0
0.048458149779735685,0.047619047619047616,0.10344827586206896,0.015748031496062992,0.0,0.0,0.0,0
0.16629955947136565,0.14285714285714285,0.24137931034482762,0.06299212598425197,0.0,0.0,0.0,0
0.09361233480176212,0.08994708994708994,0.1954022988505747,0.015748031496062992,0.0,0.0,0.024390243902439025,0
0.02863436123348018,0.026455026455026454,0.05747126436781609,0.007874015748031496,0.0,0.0,0.0,0
0.059471365638766524,0.047619047619047616,0.10344827586206896,0.007874015748031496,0.0,0.0,0.0,0
0.022026431718061675,0.015873015873015872,0.034482758620689655,0.007874015748031496,0.0,0.0,0.0,0
0.09361233480176212,0.09523809523809523,0.1954022988505747,0.023622047244094488,0.0,0.0,0.0,0
0.1696035242290749,0.164021164021164,0.28735632183908044,0.03937007874015748,0.0,0.0,0.0,0
0.02312775330396476,0.015873015873015872,0.034482758620689655,0.007874015748031496,0.0,0.0,0.0,0
0.10572687224669604,0.10582010582010581,0.22988505747126436,0.015748031496062992,0.0,0.0,0.0,0
0.06607929515418502,0.0582010582010582,0.12643678160919541,0.015748031496062992,0.0,0.0,0.0,0
0.1651982378854626,0.18518518518518517,0.26436781609195403,0.11811023622047244,0.03225806451612903,0.0,0.0,0
0.07709251101321586,0.0582010582010582,0.12643678160919541,0.015748031496062992,0.0,0.0,0.0,0
0.030837004405286344,0.037037037037037035,0.08045977011494253,0.015748031496062992,0.0,0.3333333333333333,0.0,0
0.037444933920704845,0.037037037037037035,0.08045977011494253,0.007874015748031496,0.0,0.0,0.0,0
0.2698237885462555,0.2698412698412698,0.47126436781609193,0.031496062992125984,0.0,0.0,0.0,0
0.14757709251101325,0.13227513227513227,0.28735632183908044,0.08661417322834646,0.0,0.0,0.21951219512195122,0
0.02312775330396476,0.021164021164021163,0.04597701149425287,0.007874015748031496,0.0,0.0,0.0,0
0.031938325991189426,0.026455026455026454,0.05747126436781609,0.007874015748031496,0.0,0.0,0.0,0
0.048458149779735685,0.047619047619047616,0.10344827586206896,0.007874015748031496,0.0,0.0,0.024390243902439025,0
0.026431718061674013,0.015873015873015872,0.034482758620689655,0.007874015748031496,0.0,0.0,0.0,0
0.07709251101321586,0.07407407407407407,0.13793103448275862,0.015748031496062992,0.0,0.0,0.0,0
0.16079295154185025,0.14814814814814814,0.26436781609195403,0.03937007874015748,0.0,0.0,0.0,0
0.04185022026431718,0.042328042328042326,0.09195402298850575,0.007874015748031496,0.0,0.0,0.0,0
0.019823788546255508,0.015873015873015872,0.034482758620689655,0.007874015748031496,0.0,0.0,0.0,0
0.05286343612334802,0.042328042328042326,0.08045977011494253,0.015748031496062992,0.0,0.0,0.0,0
0.17621145374449343,0.164021164021164,0.3218390804597701,0.14173228346456693,0.12903225806451613,0.0,0.0,0
0.03634361233480176,0.026455026455026454,0.05747126436781609,0.015748031496062992,0.0,0.0,0.0,0
0.3601321585903084,0.31746031746031744,0.5747126436781609,0.047244094488188976,0.0,0.0,0.0,0
0.03303964757709251,0.031746031746031744,0.06896551724137931,0.007874015748031496,0.0,0.0,0.0,0
0.29955947136563876,0.19047619047619047,0.367816091954023,0.05511811023622047,0.0,0.0,0.0,0
0.31607929515418504,0.2857142857142857,0.4827586206896552,0.2440944881889764,0.12903225806451613,0.0,0.0975609756097561,0
0.10242290748898679,0.08994708994708994,0.1954022988505747,0.015748031496062992,0.0,0.0,0.0,0
0.06718061674008811,0.06878306878306878,0.14942528735632182,0.023622047244094488,0.0,0.0,0.024390243902439025,0
0.037444933920704845,0.037037037037037035,0.08045977011494253,0.015748031496062992,0.0,0.0,0.0,0
0.07378854625550661,0.0582010582010582,0.12643678160919541,0.007874015748031496,0.0,0.0,0.0,0
0.03634361233480176,0.031746031746031744,0.06896551724137931,0.007874015748031496,0.0,0.0,0.0,0
0.09581497797356829,0.10582010582010581,0.21839080459770116,0.015748031496062992,0.0,0.0,0.0,0
0.07488986784140969,0.08994708994708994,0.1724137931034483,0.023622047244094488,0.0,0.3333333333333333,0.0,0
0.04185022026431718,0.031746031746031744,0.06896551724137931,0.007874015748031496,0.0,0.0,0.0,0
0.07158590308370044,0.08465608465608465,0.13793103448275862,0.007874015748031496,0.0,0.0,0.0,0
0.11123348017621146,0.10582010582010581,0.20689655172413796,0.015748031496062992,0.0,0.0,0.0,0
0.04955947136563877,0.037037037037037035,0.08045977011494253,0.007874015748031496,0.0,0.0,0.024390243902439025,0
0.14647577092511016,0.12698412698412698,0.25287356321839083,0.031496062992125984,0.0,0.0,0.024390243902439025,0
0.12004405286343613,0.1111111111111111,0.22988505747126436,0.015748031496062992,0.0,0.0,0.0,0
0.12885462555066082,0.13227513227513227,0.26436781609195403,0.031496062992125984,0.0,0.0,0.0,0
0.13436123348017623,0.13227513227513227,0.28735632183908044,0.03937007874015748,0.0,0.0,0.07317073170731708,0
0.031938325991189426,0.042328042328042326,0.08045977011494253,0.007874015748031496,0.0,0.0,0.024390243902439025,0
0.030837004405286344,0.037037037037037035,0.08045977011494253,0.015748031496062992,0.0,0.0,0.024390243902439025,0
0.024229074889867846,0.021164021164021163,0.04597701149425287,0.007874015748031496,0.0,0.0,0.0,0
0.13876651982378857,0.13756613756613756,0.27586206896551724,0.015748031496062992,0.0,0.0,0.0,0
0.13876651982378857,0.10052910052910052,0.20689655172413796,0.13385826771653542,0.0967741935483871,0.0,0.024390243902439025,0
0.11784140969162997,0.1111111111111111,0.1954022988505747,0.023622047244094488,0.0,0.0,0.0,0
0.04185022026431718,0.037037037037037035,0.08045977011494253,0.015748031496062992,0.0,0.0,0.0,0
0.048458149779735685,0.037037037037037035,0.08045977011494253,0.007874015748031496,0.0,0.0,0.0,0
0.05616740088105727,0.047619047619047616,0.10344827586206896,0.0,0.0,0.0,0.0,0
0.040748898678414094,0.042328042328042326,0.09195402298850575,0.007874015748031496,0.0,0.0,0.0,0
0.03854625550660793,0.042328042328042326,0.09195402298850575,0.007874015748031496,0.0,0.0,0.0,0
0.07048458149779736,0.06878306878306878,0.13793103448275862,0.031496062992125984,0.0,0.0,0.0,0
0.07819383259911895,0.07936507936507936,0.1724137931034483,0.06299212598425197,0.03225806451612903,0.0,0.0,0
0.0022026431718061676,0.0,0.0,0.007874015748031496,0.0,0.0,0.0,0
0.13766519823788548,0.14814814814814814,0.27586206896551724,0.2047244094488189,0.0,0.0,0.024390243902439025,0
0.04185022026431718,0.037037037037037035,0.06896551724137931,0.007874015748031496,0.0,0.0,0.0,0
0.00550660792951542,0.0,0.0,0.007874015748031496,0.0,0.0,0.0,0
0.014317180616740088,0.005291005291005291,0.011494252873563218,0.015748031496062992,0.0,0.0,0.0,0
0.013215859030837006,0.015873015873015872,0.034482758620689655,0.007874015748031496,0.0,0.0,0.0,0
0.07488986784140969,0.07936507936507936,0.12643678160919541,0.015748031496062992,0.0,0.0,0.0,0
0.21585903083700445,0.18518518518518517,0.3793103448275862,0.047244094488188976,0.0,0.0,0.0,0
0.034140969162995596,0.042328042328042326,0.09195402298850575,0.015748031496062992,0.0,0.0,0.0,0
0.09030837004405287,0.09523809523809523,0.1954022988505747,0.031496062992125984,0.0,0.0,0.024390243902439025,0
0.07599118942731278,0.07936507936507936,0.1724137931034483,0.007874015748031496,0.0,0.0,0.0,0
0.12004405286343613,0.1111111111111111,0.22988505747126436,0.031496062992125984,0.0,0.0,0.04878048780487805,0
0.034140969162995596,0.031746031746031744,0.05747126436781609,0.0,0.0,0.0,0.0,0
0.040748898678414094,0.037037037037037035,0.08045977011494253,0.007874015748031496,0.0,0.0,0.0,0
0.19933920704845817,0.20105820105820105,0.39080459770114945,0.05511811023622047,0.0,0.0,0.0,0
0.09140969162995595,0.10052910052910052,0.20689655172413796,0.5039370078740157,0.5806451612903225,0.0,0.0,0
0.0814977973568282,0.08465608465608465,0.1839080459770115,0.015748031496062992,0.0,0.0,0.0,0
0.13986784140969166,0.14285714285714285,0.28735632183908044,0.023622047244094488,0.0,0.0,0.0,0
0.08590308370044053,0.08465608465608465,0.1724137931034483,0.015748031496062992,0.0,0.0,0.024390243902439025,0
0.040748898678414094,0.037037037037037035,0.08045977011494253,0.007874015748031496,0.0,0.0,0.0,0
0.026431718061674013,0.021164021164021163,0.04597701149425287,0.007874015748031496,0.0,0.0,0.0,0
0.0473568281938326,0.047619047619047616,0.08045977011494253,0.007874015748031496,0.0,0.0,0.0,0
0.025330396475770928,0.015873015873015872,0.034482758620689655,0.007874015748031496,0.0,0.0,0.0,0
0.06607929515418502,0.0582010582010582,0.1149425287356322,0.015748031496062992,0.0,0.0,0.0,0
0.04185022026431718,0.037037037037037035,0.08045977011494253,0.007874015748031496,0.0,0.0,0.0,0
0.08259911894273128,0.07407407407407407,0.16091954022988508,0.007874015748031496,0.0,0.0,0.0,0
0.14207048458149782,0.1164021164021164,0.22988505747126436,0.015748031496062992,0.0,0.0,0.0,0
0.16850220264317184,0.1746031746031746,0.3103448275862069,0.031496062992125984,0.0,0.0,0.0,0
0.09361233480176212,0.08465608465608465,0.1839080459770115,0.023622047244094488,0.0,0.0,0.0,0
0.14427312775330398,0.15343915343915343,0.3218390804597701,0.031496062992125984,0.0,0.0,0.0975609756097561,0
0.040748898678414094,0.037037037037037035,0.06896551724137931,0.015748031496062992,0.0,0.0,0.0,0
0.01762114537444934,0.015873015873015872,0.034482758620689655,0.015748031496062992,0.0,0.0,0.0,0
0.09140969162995595,0.08994708994708994,0.1954022988505747,0.015748031496062992,0.0,0.0,0.024390243902439025,0
0.039647577092511016,0.037037037037037035,0.08045977011494253,0.007874015748031496,0.0,0.0,0.04878048780487805,0
0.034140969162995596,0.031746031746031744,0.06896551724137931,0.007874015748031496,0.0,0.0,0.0,0
0.06277533039647577,0.0582010582010582,0.1149425287356322,0.015748031496062992,0.0,0.0,0.024390243902439025,0
0.024229074889867846,0.026455026455026454,0.05747126436781609,0.007874015748031496,0.0,0.0,0.0,0
0.040748898678414094,0.031746031746031744,0.06896551724137931,0.007874015748031496,0.0,0.0,0.0,0
0.09030837004405287,0.07407407407407407,0.14942528735632182,0.11811023622047244,0.06451612903225806,0.0,0.0,0
0.03524229074889868,0.042328042328042326,0.09195402298850575,0.015748031496062992,0.0,0.0,0.0,0
0.02863436123348018,0.026455026455026454,0.05747126436781609,0.007874015748031496,0.0,0.0,0.0,0
0.031938325991189426,0.026455026455026454,0.05747126436781609,0.015748031496062992,0.0,0.0,0.0,0
0.03854625550660793,0.037037037037037035,0.08045977011494253,0.007874015748031496,0.0,0.0,0.0,0
0.030837004405286344,0.031746031746031744,0.06896551724137931,0.007874015748031496,0.0,0.0,0.0,0
0.11123348017621146,0.10582010582010581,0.21839080459770116,0.015748031496062992,0.0,0.0,0.0,0
0.06828193832599119,0.0582010582010582,0.12643678160919541,0.03937007874015748,0.0,0.0,0.0,0
0.16189427312775334,0.12698412698412698,0.24137931034482762,0.023622047244094488,0.0,0.0,0.0,0
0.486784140969163,0.43386243386243384,0.7471264367816092,0.3464566929133858,0.03225806451612903,0.0,0.2682926829268293,0
0.03524229074889868,0.015873015873015872,0.034482758620689655,0.015748031496062992,0.0,0.0,0.0,0
0.048458149779735685,0.047619047619047616,0.10344827586206896,0.007874015748031496,0.0,0.0,0.0,0
0.19603524229074892,0.20634920634920634,0.3448275862068966,0.12598425196850394,0.0,0.0,0.024390243902439025,0
0.022026431718061675,0.026455026455026454,0.05747126436781609,0.007874015748031496,0.0,0.0,0.0,0
0.026431718061674013,0.015873015873015872,0.034482758620689655,0.007874015748031496,0.0,0.0,0.0,0
0.05726872246696035,0.0582010582010582,0.12643678160919541,0.015748031496062992,0.0,0.0,0.0,0
0.024229074889867846,0.015873015873015872,0.034482758620689655,0.007874015748031496,0.0,0.0,0.0,0
0.07709251101321586,0.07407407407407407,0.16091954022988508,0.015748031496062992,0.0,0.0,0.024390243902439025,0
0.1156387665198238,0.12698412698412698,0.26436781609195403,0.015748031496062992,0.0,0.0,0.0,0
0.07268722466960353,0.07936507936507936,0.16091954022988508,0.007874015748031496,0.0,0.0,0.0,0
0.1222466960352423,0.1111111111111111,0.21839080459770116,0.03937007874015748,0.0,0.0,0.0,0
0.05837004405286344,0.0582010582010582,0.12643678160919541,0.015748031496062992,0.0,0.0,0.0,0
0.22356828193832604,0.19047619047619047,0.39080459770114945,0.015748031496062992,0.0,0.0,0.0,0
0.1156387665198238,0.12169312169312169,0.22988505747126436,0.023622047244094488,0.0,0.0,0.0,0
0.03524229074889868,0.026455026455026454,0.05747126436781609,0.007874015748031496,0.0,0.0,0.0,0
0.06277533039647577,0.05291005291005291,0.1149425287356322,0.007874015748031496,0.0,0.0,0.0,0
0.05286343612334802,0.047619047619047616,0.10344827586206896,0.023622047244094488,0.0,0.0,0.0,0
0.08920704845814978,0.08465608465608465,0.1724137931034483,0.031496062992125984,0.0,0.0,0.0,0
0.039647577092511016,0.026455026455026454,0.05747126436781609,0.007874015748031496,0.0,0.0,0.0,0
0.03634361233480176,0.031746031746031744,0.06896551724137931,0.2125984251968504,0.1935483870967742,0.0,0.0,0
0.2588105726872247,0.24867724867724866,0.47126436781609193,0.047244094488188976,0.0,0.0,0.0,0
0.10242290748898679,0.08994708994708994,0.1839080459770115,0.023622047244094488,0.0,0.0,0.0,0
0.042951541850220265,0.037037037037037035,0.08045977011494253,0.007874015748031496,0.0,0.0,0.0,0
0.0473568281938326,0.047619047619047616,0.10344827586206896,0.007874015748031496,0.0,0.0,0.0,0
0.1651982378854626,0.15343915343915343,0.2988505747126437,0.031496062992125984,0.0,0.0,0.0,0
0.024229074889867846,0.021164021164021163,0.04597701149425287,0.007874015748031496,0.0,0.0,0.0,0
0.025330396475770928,0.021164021164021163,0.04597701149425287,0.007874015748031496,0.0,0.0,0.0,0
0.040748898678414094,0.042328042328042326,0.09195402298850575,0.007874015748031496,0.0,0.0,0.0,0
0.050660792951541855,0.0582010582010582,0.1149425287356322,0.007874015748031496,0.0,0.0,0.0,0
0.40308370044052866,0.38095238095238093,0.6436781609195402,0.05511811023622047,0.0,0.0,0.024390243902439025,0
0.030837004405286344,0.026455026455026454,0.05747126436781609,0.007874015748031496,0.0,0.0,0.0,0
0.11233480176211455,0.1111111111111111,0.20689655172413796,0.031496062992125984,0.0,0.0,0.0,0
0.022026431718061675,0.021164021164021163,0.04597701149425287,0.007874015748031496,0.0,0.0,0.0,0
0.07929515418502203,0.07407407407407407,0.13793103448275862,0.015748031496062992,0.0,0.0,0.0,0
0.034140969162995596,0.042328042328042326,0.06896551724137931,0.015748031496062992,0.0,0.0,0.0,0
0.06938325991189427,0.06349206349206349,0.13793103448275862,0.007874015748031496,0.0,0.0,0.0,0
0.037444933920704845,0.026455026455026454,0.05747126436781609,0.007874015748031496,0.0,0.0,0.0,0
0.022026431718061675,0.021164021164021163,0.04597701149425287,0.015748031496062992,0.0,0.0,0.0,0
0.15528634361233482,0.14285714285714285,0.2988505747126437,0.05511811023622047,0.03225806451612903,0.0,0.0,0
0.034140969162995596,0.026455026455026454,0.05747126436781609,0.007874015748031496,0.0,0.0,0.0,0
0.06387665198237885,0.0582010582010582,0.12643678160919541,0.007874015748031496,0.0,0.0,0.024390243902439025,0
0.037444933920704845,0.042328042328042326,0.09195402298850575,0.007874015748031496,0.0,0.0,0.0,0
0.019823788546255508,0.021164021164021163,0.04597701149425287,0.007874015748031496,0.0,0.0,0.0,0
0.039647577092511016,0.031746031746031744,0.06896551724137931,0.015748031496062992,0.0,0.0,0.024390243902439025,0
0.061674008810572695,0.06349206349206349,0.13793103448275862,0.007874015748031496,0.0,0.0,0.0,0
0.029735682819383265,0.021164021164021163,0.04597701149425287,0.015748031496062992,0.0,0.0,0.0,0
0.02863436123348018,0.021164021164021163,0.04597701149425287,0.007874015748031496,0.0,0.0,0.0,0
0.046255506607929514,0.042328042328042326,0.09195402298850575,0.023622047244094488,0.0,0.0,0.0,0
0.07488986784140969,0.06878306878306878,0.13793103448275862,0.031496062992125984,0.0,0.0,0.0,0
0.029735682819383265,0.031746031746031744,0.06896551724137931,0.007874015748031496,0.0,0.0,0.0,0
0.08259911894273128,0.06349206349206349,0.12643678160919541,0.015748031496062992,0.0,0.0,0.0,0
0.022026431718061675,0.021164021164021163,0.04597701149425287,0.007874015748031496,0.0,0.0,0.0,0
0.1365638766519824,0.12169312169312169,0.22988505747126436,0.031496062992125984,0.0,0.0,0.0,0
0.09691629955947137,0.08994708994708994,0.14942528735632182,0.5590551181102362,0.5483870967741935,0.0,0.0,0
0.0814977973568282,0.06349206349206349,0.13793103448275862,0.015748031496062992,0.0,0.0,0.0,0
0.05286343612334802,0.0582010582010582,0.12643678160919541,0.023622047244094488,0.0,0.0,0.0,0
0.05506607929515419,0.047619047619047616,0.10344827586206896,0.007874015748031496,0.0,0.0,0.0,0
0.11894273127753305,0.10582010582010581,0.21839080459770116,0.031496062992125984,0.0,0.0,0.0,0
0.05837004405286344,0.07407407407407407,0.14942528735632182,0.007874015748031496,0.0,0.0,0.024390243902439025,0
0.02863436123348018,0.031746031746031744,0.06896551724137931,0.007874015748031496,0.0,0.0,0.0,0
0.2180616740088106,0.2222222222222222,0.4367816091954023,0.031496062992125984,0.0,0.0,0.024390243902439025,0
0.18392070484581502,0.19047619047619047,0.367816091954023,0.031496062992125984,0.0,0.0,0.0,0
0.08259911894273128,0.07936507936507936,0.14942528735632182,0.015748031496062992,0.0,0.0,0.0,0
0.08259911894273128,0.07936507936507936,0.1724137931034483,0.023622047244094488,0.0,0.0,0.024390243902439025,0
0.03303964757709251,0.031746031746031744,0.06896551724137931,0.007874015748031496,0.0,0.0,0.0,0
0.039647577092511016,0.047619047619047616,0.10344827586206896,0.007874015748031496,0.0,0.0,0.0,0
0.022026431718061675,0.015873015873015872,0.034482758620689655,0.007874015748031496,0.0,0.0,0.0,0
0.03634361233480176,0.037037037037037035,0.08045977011494253,0.007874015748031496,0.0,0.0,0.0,0
0.13986784140969166,0.12169312169312169,0.25287356321839083,0.007874015748031496,0.0,0.0,0.07317073170731708,0
0.05286343612334802,0.042328042328042326,0.08045977011494253,0.015748031496062992,0.0,0.0,0.0,0
0.03634361233480176,0.037037037037037035,0.08045977011494253,0.007874015748031496,0.0,0.0,0.0,0
0.034140969162995596,0.026455026455026454,0.05747126436781609,0.007874015748031496,0.0,0.0,0.0,0
0.030837004405286344,0.031746031746031744,0.06896551724137931,0.007874015748031496,0.0,0.0,0.0,0
0.1718061674008811,0.15873015873015872,0.24137931034482762,0.06299212598425197,0.0,0.0,0.21951219512195122,0
0.001101321585903084,0.0,0.0,0.007874015748031496,0.0,0.0,0.0,0
0.1629955947136564,0.1693121693121693,0.33333333333333337,0.047244094488188976,0.0,0.0,0.12195121951219512,0
0.17400881057268724,0.1693121693121693,0.3218390804597701,0.031496062992125984,0.0,0.0,0.0,0
0.12885462555066082,0.13227513227513227,0.21839080459770116,0.007874015748031496,0.0,0.0,0.0,0
0.030837004405286344,0.021164021164021163,0.04597701149425287,0.007874015748031496,0.0,0.0,0.0,0
0.05837004405286344,0.05291005291005291,0.1149425287356322,0.0,0.0,0.0,0.0,0
0.05506607929515419,0.042328042328042326,0.09195402298850575,0.015748031496062992,0.0,0.0,0.0,0
0.025330396475770928,0.026455026455026454,0.05747126436781609,0.007874015748031496,0.0,0.0,0.0,0
0.06938325991189427,0.06349206349206349,0.13793103448275862,0.015748031496062992,0.0,0.0,0.0,0
0.1156387665198238,0.13756613756613756,0.27586206896551724,0.007874015748031496,0.0,0.0,0.0975609756097561,0
0.06718061674008811,0.06349206349206349,0.12643678160919541,0.007874015748031496,0.0,0.0,0.0,0
0.025330396475770928,0.026455026455026454,0.05747126436781609,0.015748031496062992,0.0,0.0,0.0,0
0.08039647577092511,0.07407407407407407,0.13793103448275862,0.015748031496062992,0.0,0.0,0.0,0
0.04185022026431718,0.037037037037037035,0.08045977011494253,0.007874015748031496,0.0,0.0,0.0,0
0.050660792951541855,0.047619047619047616,0.09195402298850575,0.007874015748031496,0.0,0.0,0.0,0
0.1585903083700441,0.14814814814814814,0.21839080459770116,0.047244094488188976,0.0,0.0,0.0,0
0.019823788546255508,0.015873015873015872,0.034482758620689655,0.007874015748031496,0.0,0.0,0.0,0
0.024229074889867846,0.010582010582010581,0.022988505747126436,0.007874015748031496,0.0,0.0,0.0,0
0.026431718061674013,0.021164021164021163,0.04597701149425287,0.007874015748031496,0.0,0.0,0.0,0
0.027533039647577095,0.026455026455026454,0.05747126436781609,0.007874015748031496,0.0,0.0,0.0,0
0.05286343612334802,0.05291005291005291,0.1149425287356322,0.007874015748031496,0.0,0.0,0.0,0
0.026431718061674013,0.026455026455026454,0.05747126436781609,0.007874015748031496,0.0,0.0,0.0,0
0.034140969162995596,0.037037037037037035,0.08045977011494253,0.007874015748031496,0.0,0.0,0.0,0
0.03854625550660793,0.031746031746031744,0.06896551724137931,0.007874015748031496,0.0,0.0,0.0,0
0.07819383259911895,0.06878306878306878,0.14942528735632182,0.4330708661417323,0.3548387096774194,0.0,0.024390243902439025,0
0.07268722466960353,0.06878306878306878,0.14942528735632182,0.023622047244094488,0.0,0.0,0.07317073170731708,0
0.1508810572687225,0.15343915343915343,0.27586206896551724,0.023622047244094488,0.0,0.0,0.024390243902439025,0
0.4548458149779736,0.49206349206349204,0.7241379310344828,0.12598425196850394,0.06451612903225806,0.0,0.0,0
0.1718061674008811,0.13756613756613756,0.27586206896551724,0.03937007874015748,0.0,0.0,0.04878048780487805,0
0.04955947136563877,0.047619047619047616,0.10344827586206896,0.015748031496062992,0.0,0.0,0.0,0
0.14867841409691632,0.14814814814814814,0.3103448275862069,0.007874015748031496,0.0,0.0,0.0,0
0.046255506607929514,0.047619047619047616,0.10344827586206896,0.007874015748031496,0.0,0.0,0.024390243902439025,0
0.026431718061674013,0.021164021164021163,0.04597701149425287,0.007874015748031496,0.0,0.0,0.0,0
0.05837004405286344,0.06349206349206349,0.12643678160919541,0.015748031496062992,0.0,0.0,0.0,0
0.03303964757709251,0.026455026455026454,0.05747126436781609,0.007874015748031496,0.0,0.0,0.0,0
0.059471365638766524,0.047619047619047616,0.08045977011494253,0.023622047244094488,0.0,0.0,0.0,0
0.05506607929515419,0.06349206349206349,0.12643678160919541,0.023622047244094488,0.0,0.0,0.0,0
0.034140969162995596,0.026455026455026454,0.05747126436781609,0.007874015748031496,0.0,0.0,0.0,0
0.042951541850220265,0.05291005291005291,0.1149425287356322,0.007874015748031496,0.0,0.0,0.04878048780487805,0
0.06277533039647577,0.06878306878306878,0.14942528735632182,0.007874015748031496,0.0,0.0,0.0,0
0.15418502202643175,0.14285714285714285,0.2988505747126437,0.07086614173228346,0.03225806451612903,0.0,0.0,0
0.04405286343612335,0.047619047619047616,0.10344827586206896,0.007874015748031496,0.0,0.0,0.0,0
0.053964757709251104,0.06349206349206349,0.10344827586206896,0.007874015748031496,0.0,0.0,0.0,0
0.08700440528634362,0.07407407407407407,0.16091954022988508,0.007874015748031496,0.0,0.0,0.0,0
0.03524229074889868,0.037037037037037035,0.08045977011494253,0.007874015748031496,0.0,0.0,0.0,0
0.10132158590308371,0.10052910052910052,0.1724137931034483,0.12598425196850394,0.0,0.0,0.024390243902439025,0
0.0947136563876652,0.10052910052910052,0.20689655172413796,0.023622047244094488,0.0,0.0,0.024390243902439025,0
0.13986784140969166,0.13227513227513227,0.28735632183908044,0.023622047244094488,0.0,0.0,0.0,0
0.13105726872246698,0.13227513227513227,0.22988505747126436,0.05511811023622047,0.0,0.0,0.0,0
0.02312775330396476,0.026455026455026454,0.05747126436781609,0.007874015748031496,0.0,0.0,0.0,0
0.0605726872246696,0.06349206349206349,0.13793103448275862,0.007874015748031496,0.0,0.0,0.024390243902439025,0
0.06938325991189427,0.07407407407407407,0.13793103448275862,0.015748031496062992,0.0,0.0,0.024390243902439025,0
0.03634361233480176,0.031746031746031744,0.06896551724137931,0.007874015748031496,0.0,0.0,0.0,0
0.05286343612334802,0.06349206349206349,0.13793103448275862,0.007874015748031496,0.0,0.0,0.024390243902439025,0
0.0605726872246696,0.05291005291005291,0.1149425287356322,0.023622047244094488,0.0,0.0,0.0,0
0.022026431718061675,0.015873015873015872,0.034482758620689655,0.007874015748031496,0.0,0.0,0.0,0
0.025330396475770928,0.021164021164021163,0.04597701149425287,0.007874015748031496,0.0,0.0,0.0,0
0.2533039647577093,0.2275132275132275,0.4252873563218391,0.031496062992125984,0.0,0.0,0.0,0
0.07819383259911895,0.0582010582010582,0.1149425287356322,0.023622047244094488,0.0,0.0,0.0,0
0.05286343612334802,0.0582010582010582,0.12643678160919541,0.015748031496062992,0.0,0.0,0.0,0
0.031938325991189426,0.026455026455026454,0.05747126436781609,0.007874015748031496,0.0,0.0,0.0,0
0.22356828193832604,0.21164021164021163,0.3793103448275862,0.031496062992125984,0.0,0.0,0.0,0
0.030837004405286344,0.031746031746031744,0.06896551724137931,0.007874015748031496,0.0,0.0,0.0,0
0.026431718061674013,0.026455026455026454,0.05747126436781609,0.007874015748031496,0.0,0.0,0.0,0
0.0,0.0,0.0,0.007874015748031496,0.0,0.0,0.0,0
0.03524229074889868,0.037037037037037035,0.08045977011494253,0.015748031496062992,0.0,0.0,0.0,0
0.04405286343612335,0.031746031746031744,0.06896551724137931,0.007874015748031496,0.0,0.0,0.0,0
0.007709251101321587,0.005291005291005291,0.011494252873563218,0.007874015748031496,0.0,0.0,0.0,0
0.045154185022026436,0.042328042328042326,0.09195402298850575,0.007874015748031496,0.0,0.0,0.0,0
0.0814977973568282,0.08465608465608465,0.16091954022988508,0.031496062992125984,0.03225806451612903,0.0,0.0,0
0.026431718061674013,0.021164021164021163,0.04597701149425287,0.015748031496062992,0.0,0.0,0.0,0
0.0814977973568282,0.07936507936507936,0.14942528735632182,0.015748031496062992,0.0,0.0,0.0,0
0.14757709251101325,0.13227513227513227,0.28735632183908044,0.08661417322834646,0.0,0.0,0.21951219512195122,0
0.030837004405286344,0.026455026455026454,0.05747126436781609,0.007874015748031496,0.0,0.0,0.0,0
0.022026431718061675,0.021164021164021163,0.04597701149425287,0.015748031496062992,0.0,0.0,0.0,0
0.06387665198237885,0.0582010582010582,0.12643678160919541,0.023622047244094488,0.0,0.0,0.024390243902439025,0
0.05837004405286344,0.06349206349206349,0.13793103448275862,0.007874015748031496,0.0,0.0,0.0,0
0.048458149779735685,0.037037037037037035,0.08045977011494253,0.007874015748031496,0.0,0.0,0.0,0
0.15308370044052866,0.15873015873015872,0.24137931034482762,0.047244094488188976,0.0,0.0,0.0,0
0.04405286343612335,0.031746031746031744,0.06896551724137931,0.007874015748031496,0.0,0.0,0.0,0
0.20594713656387667,0.21693121693121692,0.39080459770114945,0.03937007874015748,0.0,0.0,0.04878048780487805,0
0.039647577092511016,0.037037037037037035,0.08045977011494253,0.007874015748031496,0.0,0.0,0.0,0
0.014317180616740088,0.015873015873015872,0.034482758620689655,0.007874015748031496,0.0,0.3333333333333333,0.0,0
0.046255506607929514,0.037037037037037035,0.08045977011494253,0.007874015748031496,0.0,0.0,0.0,0
0.17400881057268724,0.15343915343915343,0.3103448275862069,0.1732283464566929,0.0967741935483871,0.3333333333333333,0.3170731707317073,1
0.13766519823788548,0.14285714285714285,0.28735632183908044,0.07874015748031496,0.06451612903225806,0.0,0.5853658536585367,1
0.15528634361233482,0.12698412698412698,0.27586206896551724,0.03937007874015748,0.0,0.0,0.29268292682926833,1
0.08700440528634362,0.06349206349206349,0.13793103448275862,0.03937007874015748,0.03225806451612903,0.0,0.2682926829268293,1
0.170704845814978,0.14814814814814814,0.3103448275862069,0.12598425196850394,0.06451612903225806,0.0,0.024390243902439025,1
0.17290748898678418,0.13227513227513227,0.25287356321839083,0.14173228346456693,0.03225806451612903,0.0,0.4634146341463415,1
0.1718061674008811,0.15343915343915343,0.3218390804597701,0.10236220472440945,0.0967741935483871,0.0,0.43902439024390244,1
0.1718061674008811,0.14814814814814814,0.3103448275862069,0.07086614173228346,0.0,0.0,0.41463414634146345,1
0.170704845814978,0.12698412698412698,0.26436781609195403,0.031496062992125984,0.0,0.0,0.3902439024390244,1
0.17951541850220268,0.18518518518518517,0.3563218390804598,0.14173228346456693,0.06451612903225806,0.3333333333333333,0.5609756097560976,1
0.170704845814978,0.15343915343915343,0.3218390804597701,0.22834645669291337,0.16129032258064516,0.0,0.3902439024390244,1
0.15418502202643175,0.12698412698412698,0.27586206896551724,0.11023622047244094,0.06451612903225806,0.0,0.4634146341463415,1
0.1431718061674009,0.13756613756613756,0.26436781609195403,0.03937007874015748,0.03225806451612903,0.0,0.29268292682926833,1
0.21475770925110135,0.15873015873015872,0.3218390804597701,0.06299212598425197,0.0,0.0,0.3902439024390244,1
0.19933920704845817,0.15343915343915343,0.27586206896551724,0.07874015748031496,0.03225806451612903,0.0,0.5365853658536586,1
0.1651982378854626,0.14814814814814814,0.3103448275862069,0.13385826771653542,0.06451612903225806,0.0,0.5121951219512195,1
0.1585903083700441,0.15343915343915343,0.2988505747126437,0.03937007874015748,0.0,0.0,0.21951219512195122,1
0.18061674008810574,0.14814814814814814,0.3103448275862069,0.023622047244094488,0.0,0.0,0.5365853658536586,1
0.16850220264317184,0.14814814814814814,0.28735632183908044,0.2047244094488189,0.16129032258064516,0.0,0.29268292682926833,1
0.12775330396475773,0.09523809523809523,0.1954022988505747,0.015748031496062992,0.0,0.0,0.4878048780487805,1
0.17621145374449343,0.164021164021164,0.3103448275862069,0.11811023622047244,0.06451612903225806,0.0,0.3902439024390244,1
0.1585903083700441,0.14285714285714285,0.27586206896551724,0.015748031496062992,0.0,0.0,0.4878048780487805,1
0.1718061674008811,0.14814814814814814,0.28735632183908044,0.05511811023622047,0.03225806451612903,0.0,0.6341463414634146,1
0.13546255506607932,0.1111111111111111,0.21839080459770116,0.08661417322834646,0.06451612903225806,0.3333333333333333,0.12195121951219512,1
0.17290748898678418,0.12169312169312169,0.22988505747126436,0.26771653543307083,0.16129032258064516,0.3333333333333333,0.43902439024390244,1
0.19493392070484583,0.14814814814814814,0.2988505747126437,0.2125984251968504,0.12903225806451613,0.0,0.7804878048780488,1
0.1696035242290749,0.17989417989417988,0.33333333333333337,0.03937007874015748,0.0,0.0,0.36585365853658536,1
0.07599118942731278,0.05291005291005291,0.1149425287356322,0.015748031496062992,0.0,0.0,0.0,1
0.17400881057268724,0.13756613756613756,0.28735632183908044,0.4881889763779528,0.25806451612903225,0.0,0.41463414634146345,1
0.11343612334801763,0.07936507936507936,0.16091954022988508,0.05511811023622047,0.0,0.0,0.3170731707317073,1
0.050660792951541855,0.037037037037037035,0.08045977011494253,0.015748031496062992,0.0,0.0,0.29268292682926833,1
0.16740088105726875,0.14814814814814814,0.2988505747126437,0.12598425196850394,0.03225806451612903,0.0,0.41463414634146345,1
0.17290748898678418,0.13227513227513227,0.27586206896551724,0.1653543307086614,0.16129032258064516,0.3333333333333333,0.36585365853658536,1
0.12334801762114538,0.10582010582010581,0.1954022988505747,0.07086614173228346,0.03225806451612903,0.6666666666666666,0.43902439024390244,1
0.09581497797356829,0.07407407407407407,0.16091954022988508,0.06299212598425197,0.06451612903225806,0.0,0.4878048780487805,1
0.17400881057268724,0.1693121693121693,0.3448275862068966,0.12598425196850394,0.0967741935483871,0.0,0.5609756097560976,1
0.1640969162995595,0.15873015873015872,0.3218390804597701,0.14173228346456693,0.06451612903225806,0.3333333333333333,0.3902439024390244,1
0.1497797356828194,0.13227513227513227,0.27586206896551724,0.26771653543307083,0.22580645161290322,0.0,0.24390243902439024,1
0.17511013215859034,0.13756613756613756,0.28735632183908044,0.14960629921259844,0.06451612903225806,0.0,0.5853658536585367,1
0.14647577092511016,0.13227513227513227,0.26436781609195403,0.06299212598425197,0.0,0.0,0.1951219512195122,1
0.10352422907488988,0.07936507936507936,0.1724137931034483,0.047244094488188976,0.0,0.0,0.14634146341463417,1
0.15418502202643175,0.13756613756613756,0.2988505747126437,0.07086614173228346,0.03225806451612903,0.0,0.21951219512195122,1
0.16079295154185025,0.12169312169312169,0.26436781609195403,0.13385826771653542,0.03225806451612903,0.0,0.975609756097561,1
0.1299559471365639,0.12169312169312169,0.25287356321839083,0.10236220472440945,0.0967741935483871,0.3333333333333333,0.41463414634146345,1
0.16189427312775334,0.13227513227513227,0.28735632183908044,0.13385826771653542,0.06451612903225806,0.0,0.6829268292682927,1
0.13986784140969166,0.10582010582010581,0.21839080459770116,0.023622047244094488,0.0,0.3333333333333333,0.4878048780487805,1
0.11784140969162997,0.10052910052910052,0.21839080459770116,0.09448818897637795,0.03225806451612903,0.3333333333333333,0.43902439024390244,1
0.1145374449339207,0.07936507936507936,0.16091954022988508,0.05511811023622047,0.0,0.0,0.3170731707317073,1
0.17290748898678418,0.1746031746031746,0.367816091954023,0.13385826771653542,0.0967741935483871,0.0,0.1951219512195122,1
0.1718061674008811,0.15343915343915343,0.3218390804597701,0.19685039370078738,0.16129032258064516,0.0,0.6829268292682927,1
0.16189427312775334,0.15873015873015872,0.3218390804597701,0.08661417322834646,0.0,0.0,0.07317073170731708,1
0.16629955947136565,0.1693121693121693,0.3218390804597701,0.44881889763779526,0.3225806451612903,0.0,0.36585365853658536,1
0.1718061674008811,0.14814814814814814,0.2988505747126437,0.2204724409448819,0.1935483870967742,0.0,0.41463414634146345,1
0.17621145374449343,0.15873015873015872,0.3103448275862069,0.12598425196850394,0.06451612903225806,0.0,0.3170731707317073,1
0.15969162995594716,0.14814814814814814,0.2988505747126437,0.11023622047244094,0.06451612903225806,0.3333333333333333,0.12195121951219512,1
0.170704845814978,0.13227513227513227,0.27586206896551724,0.11023622047244094,0.0967741935483871,0.3333333333333333,0.4634146341463415,1
0.170704845814978,0.14814814814814814,0.3218390804597701,0.19685039370078738,0.03225806451612903,0.0,0.6341463414634146,1
0.170704845814978,0.14285714285714285,0.3103448275862069,0.1732283464566929,0.06451612903225806,0.0,0.5609756097560976,1
0.1563876651982379,0.13227513227513227,0.28735632183908044,0.1653543307086614,0.0967741935483871,0.0,0.6341463414634146,1
0.13215859030837007,0.12169312169312169,0.25287356321839083,0.22834645669291337,0.16129032258064516,0.0,0.5609756097560976,1
0.17290748898678418,0.15873015873015872,0.33333333333333337,0.23622047244094488,0.1935483870967742,0.0,0.6585365853658537,1
0.1718061674008811,0.13227513227513227,0.28735632183908044,0.1889763779527559,0.12903225806451613,0.0,0.43902439024390244,1
0.24449339207048462,0.20634920634920634,0.4252873563218391,0.11023622047244094,0.06451612903225806,0.0,0.5609756097560976,1
0.1696035242290749,0.14814814814814814,0.28735632183908044,0.047244094488188976,0.03225806451612903,0.0,0.5853658536585367,1
0.16740088105726875,0.14814814814814814,0.2988505747126437,0.18110236220472442,0.03225806451612903,0.0,0.43902439024390244,1
0.16189427312775334,0.14285714285714285,0.2988505747126437,0.07086614173228346,0.06451612903225806,0.0,0.41463414634146345,1
0.14537444933920707,0.1164021164021164,0.25287356321839083,0.07086614173228346,0.03225806451612903,0.3333333333333333,0.12195121951219512,1
0.16850220264317184,0.15873015873015872,0.3103448275862069,0.15748031496062992,0.0967741935483871,0.0,0.024390243902439025,1
0.15528634361233482,0.13756613756613756,0.27586206896551724,0.1653543307086614,0.0967741935483871,0.0,0.12195121951219512,1
0.18942731277533043,0.15873015873015872,0.28735632183908044,0.007874015748031496,0.0,0.0,0.5121951219512195,1
0.17290748898678418,0.12169312169312169,0.26436781609195403,0.09448818897637795,0.03225806451612903,0.3333333333333333,0.36585365853658536,1
0.08700440528634362,0.06349206349206349,0.13793103448275862,0.03937007874015748,0.03225806451612903,0.0,0.2682926829268293,1
0.13215859030837007,0.12698412698412698,0.26436781609195403,0.11811023622047244,0.0967741935483871,0.3333333333333333,0.36585365853658536,1
0.13105726872246698,0.12698412698412698,0.26436781609195403,0.06299212598425197,0.03225806451612903,0.0,0.12195121951219512,1
0.13546255506607932,0.1111111111111111,0.21839080459770116,0.08661417322834646,0.06451612903225806,0.3333333333333333,0.12195121951219512,1
0.16079295154185025,0.13756613756613756,0.28735632183908044,0.031496062992125984,0.03225806451612903,0.0,0.41463414634146345,1
0.13876651982378857,0.12698412698412698,0.26436781609195403,0.12598425196850394,0.0967741935483871,0.0,0.07317073170731708,1
0.17290748898678418,0.1746031746031746,0.367816091954023,0.13385826771653542,0.0967741935483871,0.0,0.1951219512195122,1
0.1696035242290749,0.12698412698412698,0.26436781609195403,0.031496062992125984,0.0,0.0,0.3902439024390244,1
0.10903083700440529,0.06878306878306878,0.14942528735632182,0.031496062992125984,0.0,0.0,0.29268292682926833,1
0.1718061674008811,0.13227513227513227,0.28735632183908044,0.1889763779527559,0.12903225806451613,0.0,0.43902439024390244,1
0.1629955947136564,0.15873015873015872,0.3218390804597701,0.14173228346456693,0.06451612903225806,0.3333333333333333,0.3902439024390244,1
0.11784140969162997,0.10582010582010581,0.22988505747126436,0.14173228346456693,0.12903225806451613,0.3333333333333333,0.5121951219512195,1
0.050660792951541855,0.037037037037037035,0.08045977011494253,0.015748031496062992,0.0,0.0,0.29268292682926833,1
0.16850220264317184,0.15873015873015872,0.3218390804597701,0.05511811023622047,0.0,0.0,0.14634146341463417,1
0.15528634361233482,0.14285714285714285,0.28735632183908044,0.2047244094488189,0.0967741935483871,0.0,0.3902439024390244,1
0.12665198237885464,0.1164021164021164,0.21839080459770116,0.03937007874015748,0.03225806451612903,0.0,0.1951219512195122,1
0.18392070484581502,0.15343915343915343,0.2988505747126437,0.10236220472440945,0.06451612903225806,0.0,0.5609756097560976,1
0.1629955947136564,0.12169312169312169,0.26436781609195403,0.09448818897637795,0.06451612903225806,0.3333333333333333,0.5365853658536586,1
0.17290748898678418,0.1693121693121693,0.367816091954023,0.2047244094488189,0.0967741935483871,0.0,0.5609756097560976,1
0.1718061674008811,0.1746031746031746,0.3103448275862069,0.1653543307086614,0.12903225806451613,0.6666666666666666,0.6829268292682927,1
0.1563876651982379,0.12169312169312169,0.26436781609195403,0.1653543307086614,0.06451612903225806,0.0,0.5853658536585367,1
0.170704845814978,0.13756613756613756,0.28735632183908044,0.031496062992125984,0.0,0.0,0.41463414634146345,1
0.1696035242290749,0.14285714285714285,0.26436781609195403,0.12598425196850394,0.06451612903225806,0.0,0.17073170731707318,1
0.14647577092511016,0.12698412698412698,0.26436781609195403,0.11023622047244094,0.0967741935483871,0.0,0.2682926829268293,1
0.16079295154185025,0.13756613756613756,0.28735632183908044,0.1889763779527559,0.03225806451612903,0.0,0.43902439024390244,1
0.1365638766519824,0.1164021164021164,0.25287356321839083,0.11811023622047244,0.06451612903225806,0.0,0.4878048780487805,1
0.18502202643171808,0.15343915343915343,0.33333333333333337,0.05511811023622047,0.03225806451612903,0.0,1.0,1
0.16850220264317184,0.1693121693121693,0.3103448275862069,0.07874015748031496,0.06451612903225806,0.3333333333333333,0.6097560975609756,1
0.15198237885462557,0.14814814814814814,0.3218390804597701,0.2125984251968504,0.12903225806451613,0.3333333333333333,0.29268292682926833,1
0.170704845814978,0.1693121693121693,0.3563218390804598,0.13385826771653542,0.0967741935483871,0.0,0.17073170731707318,1
0.17621145374449343,0.13756613756613756,0.2988505747126437,0.22834645669291337,0.0967741935483871,0.0,0.6341463414634146,1
0.16629955947136565,0.14285714285714285,0.28735632183908044,0.2204724409448819,0.16129032258064516,0.6666666666666666,0.12195121951219512,1
0.1431718061674009,0.13756613756613756,0.27586206896551724,0.023622047244094488,0.0,0.0,0.4634146341463415,1
0.15418502202643175,0.14285714285714285,0.28735632183908044,0.14960629921259844,0.16129032258064516,0.0,0.6829268292682927,1
0.11013215859030838,0.09523809523809523,0.20689655172413796,0.007874015748031496,0.0,0.0,0.04878048780487805,1
0.17290748898678418,0.14814814814814814,0.2988505747126437,0.23622047244094488,0.12903225806451613,0.0,0.7073170731707318,1
0.170704845814978,0.15873015873015872,0.2988505747126437,0.14173228346456693,0.0967741935483871,0.3333333333333333,0.0975609756097561,1
0.1508810572687225,0.14285714285714285,0.2988505747126437,0.07086614173228346,0.06451612903225806,0.0,0.2682926829268293,1
0.16850220264317184,0.12169312169312169,0.26436781609195403,0.07086614173228346,0.03225806451612903,0.6666666666666666,0.3902439024390244,1
0.12114537444933922,0.09523809523809523,0.20689655172413796,0.007874015748031496,0.0,0.0,0.3170731707317073,1
0.16850220264317184,0.15343915343915343,0.33333333333333337,0.08661417322834646,0.0,0.0,0.07317073170731708,1
0.1651982378854626,0.15343915343915343,0.3218390804597701,0.06299212598425197,0.0,0.0,0.34146341463414637,1
0.17621145374449343,0.13227513227513227,0.27586206896551724,0.15748031496062992,0.06451612903225806,0.0,0.12195121951219512,1
0.1299559471365639,0.10582010582010581,0.20689655172413796,0.06299212598425197,0.03225806451612903,0.3333333333333333,0.29268292682926833,1
0.11784140969162997,0.1164021164021164,0.21839080459770116,0.09448818897637795,0.0967741935483871,0.0,0.1951219512195122,1
0.14757709251101325,0.14814814814814814,0.3103448275862069,0.047244094488188976,0.03225806451612903,0.0,0.0,1
0.16189427312775334,0.13227513227513227,0.27586206896551724,0.07874015748031496,0.0,0.0,0.34146341463414637,1
0.03854625550660793,0.026455026455026454,0.05747126436781609,0.007874015748031496,0.0,0.0,0.3902439024390244,1
0.1718061674008811,0.18518518518518517,0.3448275862068966,0.15748031496062992,0.0967741935483871,0.0,0.3902439024390244,1
0.1696035242290749,0.15873015873015872,0.33333333333333337,0.25196850393700787,0.1935483870967742,0.0,0.3902439024390244,1
0.17511013215859034,0.13227513227513227,0.28735632183908044,0.047244094488188976,0.0,0.0,0.5121951219512195,1
0.15198237885462557,0.12698412698412698,0.26436781609195403,0.06299212598425197,0.0,0.0,0.41463414634146345,1
0.07378854625550661,0.06878306878306878,0.13793103448275862,0.015748031496062992,0.0,0.0,0.4634146341463415,1
0.16629955947136565,0.12698412698412698,0.27586206896551724,0.14960629921259844,0.06451612903225806,0.0,0.5853658536585367,1
0.15969162995594716,0.13756613756613756,0.28735632183908044,0.1889763779527559,0.03225806451612903,0.0,0.43902439024390244,1
0.1696035242290749,0.12169312169312169,0.26436781609195403,0.1889763779527559,0.0967741935483871,0.0,0.43902439024390244,1
0.17841409691629959,0.14814814814814814,0.3218390804597701,0.22834645669291337,0.16129032258064516,0.0,0.6341463414634146,1
0.1773127753303965,0.164021164021164,0.33333333333333337,0.11023622047244094,0.06451612903225806,0.0,0.2682926829268293,1
0.15308370044052866,0.15343915343915343,0.3218390804597701,0.13385826771653542,0.06451612903225806,0.3333333333333333,0.6097560975609756,1
0.16740088105726875,0.13756613756613756,0.2988505747126437,0.23622047244094488,0.1935483870967742,0.0,0.6097560975609756,1
0.1773127753303965,0.14285714285714285,0.3103448275862069,0.7795275590551181,0.7096774193548387,0.0,0.7073170731707318,1
0.1696035242290749,0.12698412698412698,0.27586206896551724,0.18110236220472442,0.0967741935483871,0.0,0.3902439024390244,1
0.1651982378854626,0.14285714285714285,0.2988505747126437,0.06299212598425197,0.06451612903225806,0.3333333333333333,0.4878048780487805,1
0.157488986784141,0.13756613756613756,0.2988505747126437,0.29133858267716534,0.16129032258064516,0.0,0.36585365853658536,1
0.04405286343612335,0.037037037037037035,0.08045977011494253,0.07086614173228346,0.06451612903225806,0.0,0.0975609756097561,1
0.17511013215859034,0.13756613756613756,0.2988505747126437,0.05511811023622047,0.0,0.0,0.41463414634146345,1
0.15528634361233482,0.14814814814814814,0.28735632183908044,0.07086614173228346,0.03225806451612903,0.3333333333333333,0.0,1
0.12114537444933922,0.1164021164021164,0.25287356321839083,0.06299212598425197,0.03225806451612903,0.0,0.0,1
0.170704845814978,0.15343915343915343,0.3218390804597701,0.22834645669291337,0.16129032258064516,0.0,0.3902439024390244,1
0.1696035242290749,0.15873015873015872,0.3448275862068966,0.31496062992125984,0.16129032258064516,0.3333333333333333,0.4878048780487805,1
0.16740088105726875,0.13756613756613756,0.25287356321839083,0.2204724409448819,0.06451612903225806,0.0,0.4634146341463415,1
0.14757709251101325,0.1164021164021164,0.25287356321839083,0.13385826771653542,0.03225806451612903,0.0,0.7073170731707318,1
0.16629955947136565,0.12698412698412698,0.27586206896551724,0.14960629921259844,0.06451612903225806,0.0,0.5853658536585367,1
0.1696035242290749,0.15873015873015872,0.3448275862068966,0.31496062992125984,0.16129032258064516,0.3333333333333333,0.4878048780487805,1
0.15198237885462557,0.1693121693121693,0.3103448275862069,0.03937007874015748,0.03225806451612903,0.0,0.41463414634146345,1
0.16189427312775334,0.14285714285714285,0.3103448275862069,0.1732283464566929,0.06451612903225806,0.0,0.5365853658536586,1
0.1640969162995595,0.12698412698412698,0.26436781609195403,0.2440944881889764,0.12903225806451613,0.0,0.5609756097560976,1
0.16189427312775334,0.14285714285714285,0.26436781609195403,0.08661417322834646,0.06451612903225806,0.3333333333333333,0.43902439024390244,1
0.17400881057268724,0.14814814814814814,0.3218390804597701,0.1732283464566929,0.06451612903225806,0.0,0.5121951219512195,1
0.17400881057268724,0.15873015873015872,0.33333333333333337,0.11023622047244094,0.03225806451612903,0.0,0.5853658536585367,1
0.14537444933920707,0.1164021164021164,0.22988505747126436,0.2047244094488189,0.0967741935483871,0.0,0.1951219512195122,1
0.14537444933920707,0.14285714285714285,0.28735632183908044,0.03937007874015748,0.0,0.0,0.0,1
0.14867841409691632,0.1164021164021164,0.25287356321839083,0.1653543307086614,0.06451612903225806,0.0,0.5121951219512195,1
0.1497797356828194,0.14814814814814814,0.27586206896551724,0.1889763779527559,0.1935483870967742,0.0,0.3170731707317073,1
0.1365638766519824,0.14285714285714285,0.3103448275862069,0.11023622047244094,0.06451612903225806,0.0,0.1951219512195122,1
0.1640969162995595,0.14285714285714285,0.2988505747126437,0.08661417322834646,0.03225806451612903,0.0,0.3170731707317073,1
0.15198237885462557,0.12698412698412698,0.22988505747126436,0.08661417322834646,0.03225806451612903,0.0,0.04878048780487805,1
0.1431718061674009,0.13756613756613756,0.26436781609195403,0.03937007874015748,0.03225806451612903,0.0,0.29268292682926833,1
0.1156387665198238,0.1164021164021164,0.25287356321839083,0.09448818897637795,0.0967741935483871,0.3333333333333333,0.24390243902439024,1
0.1629955947136564,0.14285714285714285,0.26436781609195403,0.08661417322834646,0.06451612903225806,0.3333333333333333,0.43902439024390244,1
0.16629955947136565,0.12169312169312169,0.26436781609195403,0.03937007874015748,0.0,0.0,0.0,1
0.11784140969162997,0.08994708994708994,0.1954022988505747,0.05511811023622047,0.03225806451612903,0.3333333333333333,0.4634146341463415,1
0.15528634361233482,0.15873015873015872,0.3218390804597701,0.11023622047244094,0.0967741935483871,0.3333333333333333,0.34146341463414637,1
0.14647577092511016,0.10052910052910052,0.21839080459770116,0.6220472440944882,0.4193548387096774,0.3333333333333333,0.6585365853658537,1
0.14757709251101325,0.1164021164021164,0.25287356321839083,0.13385826771653542,0.03225806451612903,0.0,0.7073170731707318,1
0.16079295154185025,0.1111111111111111,0.22988505747126436,0.1889763779527559,0.06451612903225806,0.0,0.8536585365853658,1
0.17511013215859034,0.17989417989417988,0.33333333333333337,0.08661417322834646,0.0,0.0,0.3902439024390244,1
0.16189427312775334,0.12698412698412698,0.27586206896551724,0.18110236220472442,0.06451612903225806,0.0,0.8292682926829269,1
0.17400881057268724,0.15343915343915343,0.3103448275862069,0.09448818897637795,0.0,0.0,0.4634146341463415,1
0.14647577092511016,0.13227513227513227,0.21839080459770116,0.007874015748031496,0.0,0.0,0.0,1
0.14867841409691632,0.12169312169312169,0.24137931034482762,0.015748031496062992,0.0,0.0,0.6097560975609756,1
0.1585903083700441,0.12169312169312169,0.24137931034482762,0.18110236220472442,0.12903225806451613,1.0,0.34146341463414637,1
0.157488986784141,0.14285714285714285,0.27586206896551724,0.03937007874015748,0.03225806451612903,0.0,0.5853658536585367,1
0.10792951541850221,0.1164021164021164,0.25287356321839083,0.09448818897637795,0.0967741935483871,0.3333333333333333,0.24390243902439024,1
0.12114537444933922,0.09523809523809523,0.20689655172413796,0.023622047244094488,0.0,0.0,0.5853658536585367,1
0.1773127753303965,0.14285714285714285,0.2988505747126437,0.06299212598425197,0.03225806451612903,0.0,0.07317073170731708,1
0.16850220264317184,0.12169312169312169,0.26436781609195403,0.07086614173228346,0.03225806451612903,0.6666666666666666,0.3902439024390244,1
0.1651982378854626,0.1746031746031746,0.3563218390804598,0.09448818897637795,0.06451612903225806,0.0,0.04878048780487805,1
0.11013215859030838,0.08465608465608465,0.1839080459770115,0.14173228346456693,0.0967741935483871,0.6666666666666666,0.0,1
0.17290748898678418,0.164021164021164,0.33333333333333337,0.10236220472440945,0.0967741935483871,0.0,0.6585365853658537,1
0.1718061674008811,0.15873015873015872,0.3218390804597701,0.25984251968503935,0.12903225806451613,0.6666666666666666,0.21951219512195122,1
0.15198237885462557,0.14814814814814814,0.27586206896551724,0.47244094488188976,0.45161290322580644,0.0,0.07317073170731708,1
0.16850220264317184,0.13756613756613756,0.28735632183908044,0.07874015748031496,0.03225806451612903,0.0,0.1951219512195122,1
0.1563876651982379,0.12169312169312169,0.26436781609195403,0.1653543307086614,0.06451612903225806,0.0,0.5853658536585367,1
0.16189427312775334,0.1164021164021164,0.22988505747126436,0.18110236220472442,0.06451612903225806,0.0,0.0,1
0.16740088105726875,0.14814814814814814,0.2988505747126437,0.11023622047244094,0.03225806451612903,0.6666666666666666,0.3170731707317073,1
0.16189427312775334,0.1164021164021164,0.22988505747126436,0.13385826771653542,0.03225806451612903,0.3333333333333333,0.3902439024390244,1
0.07929515418502203,0.06878306878306878,0.14942528735632182,0.007874015748031496,0.0,0.0,0.0,1
0.16079295154185025,0.12169312169312169,0.26436781609195403,0.13385826771653542,0.03225806451612903,0.0,0.975609756097561,1
0.17511013215859034,0.1693121693121693,0.3218390804597701,0.07086614173228346,0.03225806451612903,0.0,0.5121951219512195,1
0.04955947136563877,0.0582010582010582,0.09195402298850575,0.007874015748031496,0.0,0.0,0.1951219512195122,1
0.14867841409691632,0.1111111111111111,0.21839080459770116,0.10236220472440945,0.03225806451612903,0.0,0.24390243902439024,1
0.17290748898678418,0.14814814814814814,0.3103448275862069,0.2204724409448819,0.1935483870967742,0.0,0.34146341463414637,1
0.16850220264317184,0.14285714285714285,0.28735632183908044,0.2047244094488189,0.0967741935483871,0.0,0.4878048780487805,1
0.17290748898678418,0.15873015873015872,0.28735632183908044,0.023622047244094488,0.0,0.0,0.5609756097560976,1
0.17400881057268724,0.13227513227513227,0.26436781609195403,0.1732283464566929,0.06451612903225806,0.6666666666666666,0.3902439024390244,1
0.12334801762114538,0.12169312169312169,0.20689655172413796,0.08661417322834646,0.06451612903225806,0.3333333333333333,0.3902439024390244,1
0.15969162995594716,0.164021164021164,0.3218390804597701,0.11023622047244094,0.06451612903225806,0.0,0.4634146341463415,1
0.09030837004405287,0.09523809523809523,0.1954022988505747,0.031496062992125984,0.03225806451612903,0.0,0.0,1
0.16740088105726875,0.1746031746031746,0.367816091954023,0.22834645669291337,0.1935483870967742,0.3333333333333333,0.5121951219512195,1
0.16740088105726875,0.13227513227513227,0.28735632183908044,0.10236220472440945,0.03225806451612903,0.0,0.6097560975609756,1
0.16079295154185025,0.15343915343915343,0.28735632183908044,0.11023622047244094,0.0967741935483871,0.0,0.24390243902439024,1
0.16850220264317184,0.15343915343915343,0.28735632183908044,0.07874015748031496,0.03225806451612903,0.0,0.0,1
0.1497797356828194,0.12169312169312169,0.26436781609195403,0.11023622047244094,0.06451612903225806,0.0,0.4634146341463415,1
0.17400881057268724,0.13756613756613756,0.2988505747126437,0.1732283464566929,0.0967741935483871,0.0,0.34146341463414637,1
0.16629955947136565,0.15343915343915343,0.27586206896551724,0.14173228346456693,0.0,0.0,0.07317073170731708,1
0.17290748898678418,0.1164021164021164,0.22988505747126436,0.1889763779527559,0.06451612903225806,0.3333333333333333,0.4634146341463415,1
0.14096916299559473,0.12698412698412698,0.26436781609195403,0.0,0.0,0.0,0.2682926829268293,1
0.04955947136563877,0.037037037037037035,0.08045977011494253,0.015748031496062992,0.0,0.0,0.024390243902439025,1
0.1299559471365639,0.12169312169312169,0.26436781609195403,0.10236220472440945,0.03225806451612903,0.0,0.5121951219512195,1
0.1696035242290749,0.15873015873015872,0.33333333333333337,0.25196850393700787,0.1935483870967742,0.0,0.3902439024390244,1
0.17290748898678418,0.15343915343915343,0.33333333333333337,0.1889763779527559,0.0967741935483871,0.0,0.7317073170731707,1
0.1651982378854626,0.15343915343915343,0.2988505747126437,0.007874015748031496,0.0,0.0,0.5365853658536586,1
0.16079295154185025,0.15873015873015872,0.2988505747126437,0.05511811023622047,0.03225806451612903,0.0,0.0975609756097561,1
0.15528634361233482,0.14814814814814814,0.28735632183908044,0.07874015748031496,0.06451612903225806,0.3333333333333333,0.7073170731707318,1
0.1585903083700441,0.12169312169312169,0.24137931034482762,0.18110236220472442,0.12903225806451613,1.0,0.34146341463414637,1
0.19273127753303967,0.164021164021164,0.3103448275862069,0.06299212598425197,0.03225806451612903,0.0,0.5121951219512195,1
0.1773127753303965,0.1111111111111111,0.22988505747126436,0.14960629921259844,0.06451612903225806,0.3333333333333333,0.41463414634146345,1
0.170704845814978,0.15343915343915343,0.3218390804597701,0.10236220472440945,0.0967741935483871,0.0,0.43902439024390244,1
0.1651982378854626,0.15343915343915343,0.3218390804597701,0.12598425196850394,0.06451612903225806,0.0,0.6585365853658537,1
0.06938325991189427,0.0582010582010582,0.12643678160919541,0.047244094488188976,0.03225806451612903,0.0,0.36585365853658536,1
0.16850220264317184,0.1693121693121693,0.3563218390804598,0.13385826771653542,0.03225806451612903,0.0,0.5121951219512195,1
0.1431718061674009,0.10582010582010581,0.22988505747126436,0.031496062992125984,0.0,0.0,0.34146341463414637,1
0.14757709251101325,0.14814814814814814,0.27586206896551724,0.19685039370078738,0.1935483870967742,0.0,0.5121951219512195,1
0.15969162995594716,0.15873015873015872,0.3218390804597701,0.1653543307086614,0.0967741935483871,0.3333333333333333,0.36585365853658536,1
0.14867841409691632,0.12698412698412698,0.27586206896551724,0.12598425196850394,0.06451612903225806,0.0,0.41463414634146345,1
0.1585903083700441,0.14285714285714285,0.27586206896551724,0.015748031496062992,0.0,0.0,0.4878048780487805,1
0.16850220264317184,0.14285714285714285,0.27586206896551724,0.10236220472440945,0.06451612903225806,0.0,0.024390243902439025,1
0.14867841409691632,0.14285714285714285,0.28735632183908044,0.11023622047244094,0.16129032258064516,0.0,0.6829268292682927,1
0.157488986784141,0.12698412698412698,0.26436781609195403,0.023622047244094488,0.0,0.0,0.6829268292682927,1
0.1696035242290749,0.13756613756613756,0.27586206896551724,0.1732283464566929,0.0967741935483871,1.0,0.4878048780487805,1
0.14867841409691632,0.1164021164021164,0.25287356321839083,0.1653543307086614,0.06451612903225806,0.0,0.5121951219512195,1
0.17290748898678418,0.15873015873015872,0.3103448275862069,0.31496062992125984,0.16129032258064516,0.0,0.7560975609756098,1
0.17621145374449343,0.13756613756613756,0.2988505747126437,0.22834645669291337,0.0967741935483871,0.0,0.6341463414634146,1
0.1696035242290749,0.15873015873015872,0.3218390804597701,0.07086614173228346,0.03225806451612903,0.3333333333333333,0.12195121951219512,1
0.1431718061674009,0.12698412698412698,0.26436781609195403,0.10236220472440945,0.0967741935483871,0.0,0.07317073170731708,1
0.15528634361233482,0.15873015873015872,0.3218390804597701,0.11023622047244094,0.0967741935483871,0.3333333333333333,0.34146341463414637,1
0.1696035242290749,0.1746031746031746,0.367816091954023,0.05511811023622047,0.03225806451612903,0.0,0.36585365853658536,1
0.16629955947136565,0.13227513227513227,0.27586206896551724,0.023622047244094488,0.0,0.0,0.0,1
0.17621145374449343,0.1693121693121693,0.3448275862068966,0.2204724409448819,0.12903225806451613,0.3333333333333333,0.3902439024390244,1
0.10903083700440529,0.07936507936507936,0.16091954022988508,0.023622047244094488,0.0,0.0,0.36585365853658536,1
0.17290748898678418,0.14814814814814814,0.2988505747126437,0.23622047244094488,0.12903225806451613,0.0,0.7073170731707318,1
0.17400881057268724,0.1693121693121693,0.33333333333333337,0.06299212598425197,0.03225806451612903,0.0,0.07317073170731708,1
0.11233480176211455,0.1111111111111111,0.21839080459770116,0.10236220472440945,0.06451612903225806,0.0,0.29268292682926833,1
0.16740088105726875,0.15873015873015872,0.33333333333333337,0.03937007874015748,0.0,0.6666666666666666,0.34146341463414637,1
0.14096916299559473,0.12698412698412698,0.26436781609195403,0.13385826771653542,0.06451612903225806,0.3333333333333333,0.3170731707317073,1
0.15969162995594716,0.14814814814814814,0.28735632183908044,0.2125984251968504,0.0967741935483871,0.0,0.4878048780487805,1
0.14757709251101325,0.12169312169312169,0.26436781609195403,0.11023622047244094,0.0,0.0,0.07317073170731708,1
0.16740088105726875,0.15343915343915343,0.33333333333333337,0.22834645669291337,0.12903225806451613,0.0,0.7560975609756098,1
0.18171806167400884,0.164021164021164,0.33333333333333337,0.15748031496062992,0.12903225806451613,0.0,0.3902439024390244,1
0.1585903083700441,0.12698412698412698,0.27586206896551724,0.07086614173228346,0.0,0.3333333333333333,0.5853658536585367,1
0.17621145374449343,0.15873015873015872,0.33333333333333337,0.12598425196850394,0.0,0.0,0.6097560975609756,1
0.1718061674008811,0.13756613756613756,0.2988505747126437,0.09448818897637795,0.03225806451612903,0.0,0.4634146341463415,1
0.08370044052863436,0.08465608465608465,0.1724137931034483,0.023622047244094488,0.0,0.0,0.2682926829268293,1
0.0881057268722467,0.06349206349206349,0.13793103448275862,0.03937007874015748,0.03225806451612903,0.0,0.2682926829268293,1
0.170704845814978,0.14285714285714285,0.2988505747126437,0.1732283464566929,0.06451612903225806,0.0,0.43902439024390244,1
0.12334801762114538,0.1111111111111111,0.22988505747126436,0.03937007874015748,0.0,0.3333333333333333,0.2682926829268293,1
0.1640969162995595,0.15343915343915343,0.3218390804597701,0.3779527559055118,0.3225806451612903,0.0,0.5609756097560976,1
0.15969162995594716,0.14814814814814814,0.2988505747126437,0.08661417322834646,0.03225806451612903,0.0,0.24390243902439024,1
0.1718061674008811,0.14285714285714285,0.26436781609195403,0.1889763779527559,0.06451612903225806,0.6666666666666666,0.5853658536585367,1
0.13766519823788548,0.12169312169312169,0.25287356321839083,0.10236220472440945,0.06451612903225806,0.0,0.5853658536585367,1
0.1629955947136564,0.12698412698412698,0.26436781609195403,0.11023622047244094,0.03225806451612903,0.0,0.5853658536585367,1
0.16189427312775334,0.13756613756613756,0.28735632183908044,0.10236220472440945,0.06451612903225806,0.0,0.5365853658536586,1
0.16850220264317184,0.164021164021164,0.3448275862068966,0.09448818897637795,0.06451612903225806,0.3333333333333333,0.12195121951219512,1
0.17290748898678418,0.15343915343915343,0.2988505747126437,0.11023622047244094,0.06451612903225806,0.0,0.3170731707317073,1
0.1508810572687225,0.13227513227513227,0.27586206896551724,0.031496062992125984,0.03225806451612903,0.0,0.5365853658536586,1
0.1718061674008811,0.13227513227513227,0.27586206896551724,0.06299212598425197,0.0,1.0,0.5121951219512195,1
0.15528634361233482,0.14285714285714285,0.28735632183908044,0.13385826771653542,0.06451612903225806,0.3333333333333333,0.34146341463414637,1
0.16079295154185025,0.13227513227513227,0.26436781609195403,0.19685039370078738,0.12903225806451613,0.0,0.6097560975609756,1
0.14867841409691632,0.14814814814814814,0.28735632183908044,0.015748031496062992,0.0,0.3333333333333333,0.0,1
0.16629955947136565,0.13227513227513227,0.27586206896551724,0.14960629921259844,0.06451612903225806,0.0,0.5853658536585367,1
0.12004405286343613,0.07936507936507936,0.1724137931034483,0.047244094488188976,0.03225806451612903,0.0,0.5609756097560976,1
0.1640969162995595,0.14285714285714285,0.27586206896551724,0.03937007874015748,0.0,0.0,0.29268292682926833,1
0.17290748898678418,0.14814814814814814,0.3218390804597701,0.22834645669291337,0.12903225806451613,0.0,0.6829268292682927,1
0.14867841409691632,0.13227513227513227,0.28735632183908044,0.11023622047244094,0.03225806451612903,0.0,0.41463414634146345,1
0.13766519823788548,0.10582010582010581,0.20689655172413796,0.023622047244094488,0.0,0.0,0.0,1
0.16189427312775334,0.14814814814814814,0.2988505747126437,0.007874015748031496,0.0,0.3333333333333333,0.41463414634146345,1
0.034140969162995596,0.026455026455026454,0.05747126436781609,0.07874015748031496,0.03225806451612903,0.0,0.2682926829268293,1
0.170704845814978,0.13756613756613756,0.28735632183908044,0.023622047244094488,0.0,0.0,0.5365853658536586,1
0.16850220264317184,0.14814814814814814,0.28735632183908044,0.05511811023622047,0.0,0.0,0.6829268292682927,1
0.15969162995594716,0.14814814814814814,0.3103448275862069,0.05511811023622047,0.0,0.0,0.34146341463414637,1
0.06718061674008811,0.05291005291005291,0.1149425287356322,0.023622047244094488,0.0,0.0,0.024390243902439025,1
0.1696035242290749,0.15873015873015872,0.3218390804597701,0.07086614173228346,0.03225806451612903,0.3333333333333333,0.12195121951219512,1
0.07488986784140969,0.07407407407407407,0.13793103448275862,0.03937007874015748,0.03225806451612903,0.0,0.0,1
0.13986784140969166,0.12169312169312169,0.25287356321839083,0.09448818897637795,0.0967741935483871,0.0,0.07317073170731708,1
0.1156387665198238,0.13227513227513227,0.27586206896551724,0.023622047244094488,0.0,0.0,0.07317073170731708,1
0.16850220264317184,0.15343915343915343,0.33333333333333337,0.08661417322834646,0.0,0.0,0.07317073170731708,1
0.1629955947136564,0.09523809523809523,0.1724137931034483,0.19685039370078738,0.0967741935483871,1.0,0.3170731707317073,1
0.18171806167400884,0.14814814814814814,0.3218390804597701,0.1732283464566929,0.0967741935483871,0.0,0.6829268292682927,1
0.13105726872246698,0.12169312169312169,0.22988505747126436,0.10236220472440945,0.06451612903225806,0.3333333333333333,0.0,1
0.17951541850220268,0.1111111111111111,0.22988505747126436,0.18110236220472442,0.03225806451612903,0.3333333333333333,0.43902439024390244,1
0.17511013215859034,0.13756613756613756,0.2988505747126437,0.2125984251968504,0.0967741935483871,0.0,0.6341463414634146,1
0.1718061674008811,0.14814814814814814,0.3218390804597701,0.15748031496062992,0.06451612903225806,0.0,0.41463414634146345,1
0.15418502202643175,0.14814814814814814,0.3103448275862069,0.047244094488188976,0.03225806451612903,0.0,0.24390243902439024,1
0.157488986784141,0.15343915343915343,0.33333333333333337,0.1732283464566929,0.06451612903225806,0.0,0.5853658536585367,1
0.1651982378854626,0.15873015873015872,0.27586206896551724,0.2440944881889764,0.25806451612903225,0.0,0.3170731707317073,1
0.16629955947136565,0.14814814814814814,0.2988505747126437,0.047244094488188976,0.0,0.0,0.36585365853658536,1
0.15969162995594716,0.13227513227513227,0.28735632183908044,0.14960629921259844,0.0967741935483871,0.0,0.6585365853658537,1
0.19713656387665202,0.18518518518518517,0.3448275862068966,0.15748031496062992,0.06451612903225806,0.3333333333333333,0.2682926829268293,1
0.07488986784140969,0.06349206349206349,0.13793103448275862,0.015748031496062992,0.0,0.0,0.6585365853658537,1
0.17511013215859034,0.15343915343915343,0.3103448275862069,0.1889763779527559,0.06451612903225806,0.0,0.5121951219512195,1
0.16629955947136565,0.15343915343915343,0.3103448275862069,0.13385826771653542,0.06451612903225806,0.0,0.2682926829268293,1
0.157488986784141,0.12698412698412698,0.27586206896551724,0.07086614173228346,0.0,0.3333333333333333,0.5853658536585367,1
0.1696035242290749,0.13227513227513227,0.28735632183908044,0.3464566929133858,0.25806451612903225,0.0,0.14634146341463417,1
0.1585903083700441,0.1693121693121693,0.28735632183908044,0.14173228346456693,0.0,0.0,0.0975609756097561,1
0.17511013215859034,0.13227513227513227,0.28735632183908044,0.047244094488188976,0.0,0.0,0.5121951219512195,1
0.1718061674008811,0.14814814814814814,0.3218390804597701,0.18110236220472442,0.06451612903225806,0.0,0.43902439024390244,1
0.10903083700440529,0.06878306878306878,0.14942528735632182,0.031496062992125984,0.0,0.0,0.29268292682926833,1
0.07929515418502203,0.06878306878306878,0.14942528735632182,0.015748031496062992,0.0,0.3333333333333333,0.34146341463414637,1
0.17400881057268724,0.14814814814814814,0.3218390804597701,0.09448818897637795,0.03225806451612903,0.3333333333333333,0.5853658536585367,1
0.17400881057268724,0.12169312169312169,0.26436781609195403,0.09448818897637795,0.03225806451612903,0.3333333333333333,0.36585365853658536,1
0.170704845814978,0.13756613756613756,0.28735632183908044,0.031496062992125984,0.0,0.0,0.41463414634146345,1
0.17400881057268724,0.15873015873015872,0.3448275862068966,0.14960629921259844,0.03225806451612903,0.0,0.07317073170731708,1
0.1629955947136564,0.13756613756613756,0.21839080459770116,0.023622047244094488,0.0,0.0,0.5121951219512195,1
0.10903083700440529,0.10052910052910052,0.21839080459770116,0.22834645669291337,0.16129032258064516,0.0,0.5609756097560976,1
0.15198237885462557,0.15343915343915343,0.2988505747126437,0.11023622047244094,0.0967741935483871,0.0,0.2682926829268293,1
0.17400881057268724,0.14814814814814814,0.3218390804597701,0.09448818897637795,0.03225806451612903,0.3333333333333333,0.5853658536585367,1
0.17511013215859034,0.14814814814814814,0.3103448275862069,0.19685039370078738,0.03225806451612903,0.0,0.43902439024390244,1
0.14757709251101325,0.12169312169312169,0.25287356321839083,0.2047244094488189,0.12903225806451613,0.0,0.36585365853658536,1
0.10352422907488988,0.08994708994708994,0.1839080459770115,0.047244094488188976,0.0,0.0,0.3902439024390244,1
0.17290748898678418,0.12698412698412698,0.27586206896551724,0.1889763779527559,0.12903225806451613,0.0,0.3902439024390244,1
0.15528634361233482,0.15343915343915343,0.3103448275862069,0.11023622047244094,0.03225806451612903,0.0,0.5365853658536586,1
0.17400881057268724,0.17989417989417988,0.3563218390804598,0.8188976377952756,0.7096774193548387,0.3333333333333333,0.34146341463414637,1
0.1718061674008811,0.13756613756613756,0.27586206896551724,0.10236220472440945,0.03225806451612903,0.6666666666666666,0.3170731707317073,1
0.17290748898678418,0.164021164021164,0.33333333333333337,0.10236220472440945,0.0967741935483871,0.0,0.6585365853658537,1
0.07048458149779736,0.06349206349206349,0.13793103448275862,0.031496062992125984,0.0,0.3333333333333333,0.12195121951219512,1
0.12004405286343613,0.10052910052910052,0.20689655172413796,0.2047244094488189,0.16129032258064516,0.0,0.7804878048780488,1
0.1145374449339207,0.08465608465608465,0.1839080459770115,0.07086614173228346,0.0,0.0,0.2682926829268293,1
0.1696035242290749,0.15873015873015872,0.3218390804597701,0.05511811023622047,0.03225806451612903,0.6666666666666666,0.12195121951219512,1
0.14867841409691632,0.14814814814814814,0.27586206896551724,0.1889763779527559,0.1935483870967742,0.0,0.3170731707317073,1
0.042951541850220265,0.031746031746031744,0.06896551724137931,0.047244094488188976,0.03225806451612903,0.0,0.0,1
0.15528634361233482,0.164021164021164,0.2988505747126437,0.05511811023622047,0.03225806451612903,0.3333333333333333,0.4634146341463415,1
0.14427312775330398,0.14285714285714285,0.26436781609195403,0.11811023622047244,0.0,0.0,0.1951219512195122,1
0.16850220264317184,0.1693121693121693,0.3563218390804598,0.13385826771653542,0.03225806451612903,0.0,0.5121951219512195,1
0.09251101321585904,0.06349206349206349,0.13793103448275862,0.08661417322834646,0.03225806451612903,0.0,0.2682926829268293,1
0.18832599118942733,0.14285714285714285,0.28735632183908044,0.07086614173228346,0.03225806451612903,0.0,0.5853658536585367,1
0.12004405286343613,0.10052910052910052,0.20689655172413796,0.2047244094488189,0.16129032258064516,0.0,0.7804878048780488,1
0.1651982378854626,0.13227513227513227,0.28735632183908044,0.2755905511811024,0.16129032258064516,0.0,0.04878048780487805,1
0.16629955947136565,0.13227513227513227,0.28735632183908044,0.09448818897637795,0.0,0.0,0.6829268292682927,1
0.157488986784141,0.12698412698412698,0.26436781609195403,0.19685039370078738,0.12903225806451613,0.0,0.5365853658536586,1
0.18061674008810574,0.1693121693121693,0.3218390804597701,0.2204724409448819,0.12903225806451613,0.0,0.5853658536585367,1
0.06938325991189427,0.042328042328042326,0.09195402298850575,0.06299212598425197,0.03225806451612903,0.0,0.0,1
0.17400881057268724,0.15873015873015872,0.33333333333333337,0.2204724409448819,0.06451612903225806,0.0,0.5609756097560976,1
0.1497797356828194,0.1164021164021164,0.24137931034482762,0.0,0.0,0.3333333333333333,0.0,1
0.17290748898678418,0.13756613756613756,0.2988505747126437,0.15748031496062992,0.0967741935483871,0.3333333333333333,0.04878048780487805,1
0.16629955947136565,0.14285714285714285,0.3103448275862069,0.14173228346456693,0.0967741935483871,0.0,0.6585365853658537,1
0.17290748898678418,0.14285714285714285,0.2988505747126437,0.1732283464566929,0.06451612903225806,0.0,0.43902439024390244,1
0.17621145374449343,0.17989417989417988,0.3793103448275862,0.12598425196850394,0.06451612903225806,0.0,0.5609756097560976,1
0.04955947136563877,0.037037037037037035,0.08045977011494253,0.015748031496062992,0.0,0.0,0.29268292682926833,1
0.14867841409691632,0.15343915343915343,0.28735632183908044,0.11811023622047244,0.0967741935483871,0.3333333333333333,0.04878048780487805,1
0.08590308370044053,0.07936507936507936,0.1724137931034483,0.03937007874015748,0.0,0.0,0.0,1
0.14867841409691632,0.1164021164021164,0.24137931034482762,0.1732283464566929,0.12903225806451613,0.0,0.6341463414634146,1
0.15969162995594716,0.14285714285714285,0.28735632183908044,0.1889763779527559,0.0967741935483871,0.0,0.6097560975609756,1
0.16189427312775334,0.14814814814814814,0.28735632183908044,0.09448818897637795,0.03225806451612903,0.3333333333333333,0.04878048780487805,1
0.170704845814978,0.14285714285714285,0.3103448275862069,0.18110236220472442,0.06451612903225806,0.0,0.43902439024390244,1
0.051762114537444934,0.037037037037037035,0.08045977011494253,0.015748031496062992,0.0,0.0,0.29268292682926833,1
0.1696035242290749,0.13227513227513227,0.27586206896551724,0.11811023622047244,0.0,0.0,0.5365853658536586,1
0.13436123348017623,0.13227513227513227,0.25287356321839083,0.09448818897637795,0.06451612903225806,0.0,0.5609756097560976,1
0.14207048458149782,0.13227513227513227,0.25287356321839083,0.14960629921259844,0.03225806451612903,0.0,0.7560975609756098,1
0.1563876651982379,0.12169312169312169,0.26436781609195403,0.1653543307086614,0.06451612903225806,0.0,0.5853658536585367,1
0.18832599118942733,0.14285714285714285,0.2988505747126437,0.06299212598425197,0.0,1.0,0.8048780487804879,1
0.17400881057268724,0.14285714285714285,0.2988505747126437,0.1653543307086614,0.06451612903225806,0.0,0.5365853658536586,1
0.1696035242290749,0.13756613756613756,0.28735632183908044,0.023622047244094488,0.0,0.0,0.5365853658536586,1
0.16629955947136565,0.15873015873015872,0.3218390804597701,0.1889763779527559,0.1935483870967742,0.6666666666666666,0.5609756097560976,1
0.14867841409691632,0.1164021164021164,0.25287356321839083,0.33858267716535434,0.25806451612903225,0.0,0.14634146341463417,1
